amino,mut,ref,type
L,CTA,CTG,Ts
L,TTG,CTG,Ts
L,CTA,TTA,Ts
K,AAG,AAA,Ts
P,CCA,CCG,Ts
T,ACT,ACC,Ts
V,GTA,GTG,Ts
E,GAG,GAA,Ts
T,ACA,ACG,Ts
Q,CAA,CAG,Ts
S,AGT,AGC,Ts
R,AGG,AGA,Ts
D,GAC,GAT,Ts
A,GCT,GCC,Ts
A,GCA,GCG,Ts
R,CGA,CGG,Ts
G,GGA,GGG,Ts
F,TTC,TTT,Ts
Y,TAC,TAT,Ts
H,CAC,CAT,Ts
P,CCC,CCT,Ts
C,TGT,TGC,Ts
S,TCA,TCG,Ts
N,AAT,AAC,Ts
V,GTC,GTT,Ts
I,ATC,ATT,Ts
G,GGT,GGC,Ts
R,CGT,CGC,Ts
L,TTG,TTA,Ts
S,TCT,TCC,Ts
L,CTT,CTC,Ts
L,CTC,CTT,Ts
S,TCC,TCT,Ts
L,TTA,TTG,Ts
R,CGC,CGT,Ts
G,GGC,GGT,Ts
I,ATT,ATC,Ts
V,GTT,GTC,Ts
N,AAC,AAT,Ts
S,TCG,TCA,Ts
C,TGC,TGT,Ts
P,CCT,CCC,Ts
H,CAT,CAC,Ts
Y,TAT,TAC,Ts
F,TTT,TTC,Ts
G,GGG,GGA,Ts
R,CGG,CGA,Ts
A,GCG,GCA,Ts
A,GCC,GCT,Ts
D,GAT,GAC,Ts
R,AGA,AGG,Ts
S,AGC,AGT,Ts
Q,CAG,CAA,Ts
T,ACG,ACA,Ts
E,GAA,GAG,Ts
V,GTG,GTA,Ts
T,ACC,ACT,Ts
P,CCG,CCA,Ts
K,AAA,AAG,Ts
L,TTA,CTA,Ts
L,CTG,TTG,Ts
L,CTG,CTA,Ts
I,ATA,ATT,Tv
R,CGA,CGC,Tv
R,CGA,CGT,Tv
I,ATA,ATC,Tv
L,CTT,CTG,Tv
L,CTC,CTG,Tv
R,AGG,CGG,Tv
P,CCC,CCG,Tv
R,CGG,CGC,Tv
R,CGG,CGT,Tv
G,GGA,GGC,Tv
P,CCT,CCG,Tv
T,ACA,ACC,Tv
G,GGA,GGT,Tv
L,CTA,CTC,Tv
L,CTA,CTT,Tv
G,GGG,GGC,Tv
G,GGG,GGT,Tv
A,GCT,GCG,Tv
R,AGA,CGA,Tv
V,GTC,GTG,Tv
V,GTA,GTT,Tv
T,ACT,ACG,Tv
T,ACG,ACC,Tv
P,CCC,CCA,Tv
V,GTT,GTG,Tv
V,GTA,GTC,Tv
A,GCT,GCA,Tv
A,GCC,GCG,Tv
T,ACA,ACT,Tv
A,GCA,GCC,Tv
P,CCT,CCA,Tv
S,TCA,TCC,Tv
S,TCA,TCT,Tv
S,TCT,TCG,Tv
S,TCC,TCG,Tv
S,TCG,TCC,Tv
S,TCG,TCT,Tv
S,TCT,TCA,Tv
S,TCC,TCA,Tv
P,CCA,CCT,Tv
A,GCC,GCA,Tv
T,ACT,ACA,Tv
A,GCG,GCC,Tv
A,GCA,GCT,Tv
V,GTC,GTA,Tv
V,GTG,GTT,Tv
P,CCA,CCC,Tv
T,ACC,ACG,Tv
T,ACG,ACT,Tv
V,GTT,GTA,Tv
V,GTG,GTC,Tv
R,CGA,AGA,Tv
A,GCG,GCT,Tv
G,GGT,GGG,Tv
G,GGC,GGG,Tv
L,CTT,CTA,Tv
L,CTC,CTA,Tv
G,GGT,GGA,Tv
T,ACC,ACA,Tv
P,CCG,CCT,Tv
G,GGC,GGA,Tv
R,CGT,CGG,Tv
R,CGC,CGG,Tv
P,CCG,CCC,Tv
R,CGG,AGG,Tv
L,CTG,CTC,Tv
L,CTG,CTT,Tv
I,ATC,ATA,Tv
R,CGT,CGA,Tv
R,CGC,CGA,Tv
I,ATT,ATA,Tv
