ref,mut,dw,High,MutT,HighLow,isMutT,level
CGT,CGA,-1.51128,X,X,,,1
CGT,CGG,-1.32222,X,,,*,1
ATT,ATA,-1.14154,X,X,,,1
CGC,CGG,-1.10801,X,X,X,,1
CCG,CCC,-1.09012,,X,,,1
GGT,GGA,-0.94799,,X,,,1
CGG,AGG,-0.83251,X,,X,,1
CTT,CTA,-0.77152,X,X,X,,1
ACT,ACA,-0.57236,X,X,X,,1
ACC,ACG,-0.57188,X,X,X,,1
TCT,TCA,-0.54915,X,X,X,,1
TCT,TCG,-0.47425,X,,,*,2
TCC,TCG,-0.43184,X,X,X,,2
GTT,GTA,-0.29478,X,X,X,,2
ACT,ACG,-0.26885,X,,,*,2
GTG,GTC,-0.21687,X,X,X,,2
GCG,GCC,-0.19225,X,X,X,,2
GTA,GTC,-0.09536,X,,X,*,3
CGA,AGA,-0.08715,X,,X,,3
GCT,GCA,-0.05831,X,X,X,,3
CCA,CCT,-0.05719,,X,,,3
CCT,CCA,0.05719,X,X,X,,3
AGA,CGA,0.08715,X,,X,*,3
GTC,GTA,0.09536,X,,X,,3
CTT,CTC,0.14613,,X,,,4
CGA,CGG,0.18906,,X,,,4
GCC,GCG,0.19225,X,X,X,,4
GTC,GTG,0.21687,X,X,X,,4
GTA,GTT,0.29478,X,X,X,,4
TCG,TCC,0.43184,,X,,,4
TCA,TCC,0.50674,X,,X,*,4
TCA,TCT,0.54915,X,X,,,5
AGG,AGA,0.5563,,X,,,5
ACG,ACC,0.57188,X,X,X,,5
ACA,ACT,0.57236,X,X,X,,5
CCT,CCG,0.64998,X,,X,*,5
CTA,TTA,0.76138,,X,,,5
CTA,CTT,0.77152,X,X,X,,5
GGG,GGC,0.80222,X,X,X,,5
AGG,CGG,0.83251,X,,X,*,5
CTC,CTG,0.84917,X,X,X,,5
ACA,ACC,0.87539,X,,X,*,5
TTG,CTG,0.88652,,X,,,5
CTA,CTC,0.91765,X,,X,*,5
GGA,GGT,0.94799,X,X,X,,5
CTT,CTG,0.9953,X,,,*,5
CCC,CCG,1.09012,X,X,X,,5
CGG,CGC,1.10801,,X,,,5
ATA,ATT,1.14154,X,X,X,,5
CGA,CGC,1.29706,X,,X,*,5
ATA,ATC,1.36779,X,,X,*,5
CGA,CGT,1.51128,,X,,,5
